"iconURI","iconName","iconDefinition","svg"
"https://data.crow.nl/imv/def/G12a-fiets-bromfietspad","G12a-fiets-bromfietspad","Verkeersbord dat aanduidt dat het een fiets/bromfietspad betreft","https://raw.githubusercontent.com/ndwnu/qgis-verkeersborden-style/24d3c1aa0e3dc14ff50cb58916efd82db4cbbd31/svg_verkeersborden/G12a.svg"
"https://data.crow.nl/imv/def/B7-stop","B7-stop","Een verkeersbord dat aangeeft dat je moet stoppen en voorrang verlenen aan bestuurders op de kruisende weg","https://raw.githubusercontent.com/ndwnu/qgis-verkeersborden-style/24d3c1aa0e3dc14ff50cb58916efd82db4cbbd31/svg_verkeersborden/B7.svg"
"https://data.crow.nl/imv/def/C8-trekker","C8-trekker","Een verkeersbord dat aangeeft dat de weg gesloten is voor","https://raw.githubusercontent.com/ndwnu/qgis-verkeersborden-style/24d3c1aa0e3dc14ff50cb58916efd82db4cbbd31/svg_verkeersborden/C8.svg"
"https://data.crow.nl/imv/def/G9-ruiterpad","G9-ruiterpad","Verkeersbord dat aanduidt dat het een ruiterpad betreft","https://raw.githubusercontent.com/ndwnu/qgis-verkeersborden-style/24d3c1aa0e3dc14ff50cb58916efd82db4cbbd31/svg_verkeersborden/G9.svg"
"https://data.crow.nl/imv/def/F13-busstrook","F13-busstrook","Een verkeersbord dat aangeeft dat een rijbaan uitsluitend bedoeld is voor lijnbussen.","https://raw.githubusercontent.com/ndwnu/qgis-verkeersborden-style/24d3c1aa0e3dc14ff50cb58916efd82db4cbbd31/svg_verkeersborden/F13.svg"
"https://data.crow.nl/imv/def/J9-rotonde","J9-rotonde","Verkeersbord dat een waarschuwing aanduidt voor rotonde","https://raw.githubusercontent.com/ndwnu/qgis-verkeersborden-style/24d3c1aa0e3dc14ff50cb58916efd82db4cbbd31/svg_verkeersborden/J9.svg"
"https://data.crow.nl/imv/def/J28-vee","J28-vee","Verkeersbord dat een waarschuwing aanduidt voor vee","https://raw.githubusercontent.com/ndwnu/qgis-verkeersborden-style/24d3c1aa0e3dc14ff50cb58916efd82db4cbbd31/svg_verkeersborden/J28.svg"
"https://data.crow.nl/imv/def/F6-voorrang-op-tegenligger","F6-voorrang-op-tegenligger","Een verkeersbord dat aangeeft dat bestuurders uit tegengestelde richting voorrang moeten verlenen.","https://raw.githubusercontent.com/ndwnu/qgis-verkeersborden-style/24d3c1aa0e3dc14ff50cb58916efd82db4cbbd31/svg_verkeersborden/F6.svg"
"https://data.crow.nl/imv/def/H1-bebouwde-kom","H1-bebouwde-kom","Verkeersbord dat aanduidt dat het een weg binnen de bebouwde kom betreft","https://raw.githubusercontent.com/ndwnu/qgis-verkeersborden-style/24d3c1aa0e3dc14ff50cb58916efd82db4cbbd31/svg_verkeersborden/H1.svg"
"https://data.crow.nl/imv/def/E4-parkeergelegenheid","E4-parkeergelegenheid","Een verkeersbord dat aangeeft dat er parkeergelegenheid is.","https://raw.githubusercontent.com/ndwnu/qgis-verkeersborden-style/24d3c1aa0e3dc14ff50cb58916efd82db4cbbd31/svg_verkeersborden/E4.svg"
"https://data.crow.nl/imv/def/J27-wild","J27-wild","Verkeersbord dat een waarschuwing aanduidt voor groot wild","https://raw.githubusercontent.com/ndwnu/qgis-verkeersborden-style/24d3c1aa0e3dc14ff50cb58916efd82db4cbbd31/svg_verkeersborden/J27.svg"
"https://data.crow.nl/imv/def/C22a3-milieuzone-5-6","C22a3-milieuzone-5-6","Een onderbord dat aangeeft dat de milieuzone toegankelijk is voor personen- en bedrijfsautoâ€™s van emissieklasse 5 en 6.","https://raw.githubusercontent.com/ndwnu/qgis-verkeersborden-style/24d3c1aa0e3dc14ff50cb58916efd82db4cbbd31/svg_verkeersborden/C22a3.svg"
"https://data.crow.nl/imv/def/J39-poller","J39-poller","Verkeersbord dat een waarschuwing aanduidt voor elektrische in- en uitschuifbare paal in de rijbaan (poller)","https://raw.githubusercontent.com/ndwnu/qgis-verkeersborden-style/24d3c1aa0e3dc14ff50cb58916efd82db4cbbd31/svg_verkeersborden/J39.svg"
"https://data.crow.nl/imv/def/G3-autoweg","G3-autoweg","Verkeersbord dat aanduidt dat het een autoweg betreft","https://raw.githubusercontent.com/ndwnu/qgis-verkeersborden-style/24d3c1aa0e3dc14ff50cb58916efd82db4cbbd31/svg_verkeersborden/G3.svg"
"https://data.crow.nl/imv/def/D1-rotonde-verplichte-richting","D1-rotonde-verplichte-richting","Een verkeersbord dat aangeeft dat de rotonde verplicht in de aangegeven richting moet worden gevolgd.","https://raw.githubusercontent.com/ndwnu/qgis-verkeersborden-style/24d3c1aa0e3dc14ff50cb58916efd82db4cbbd31/svg_verkeersborden/D1.svg"
"https://data.crow.nl/imv/def/J1-slecht-wegdek","J1-slecht-wegdek","Verkeersbord dat een waarschuwing aanduidt voor slecht wegdek","https://raw.githubusercontent.com/ndwnu/qgis-verkeersborden-style/24d3c1aa0e3dc14ff50cb58916efd82db4cbbd31/svg_verkeersborden/J1.svg"
"https://data.crow.nl/imv/def/C7-gesloten-vrachtauto","C7-gesloten-vrachtauto","Een verkeersbord dat aangeeft dat de weg gesloten is voor vrachtauto's","https://raw.githubusercontent.com/ndwnu/qgis-verkeersborden-style/24d3c1aa0e3dc14ff50cb58916efd82db4cbbd31/svg_verkeersborden/C7.svg"
"https://data.crow.nl/imv/def/B3-voorrangskruispunt","B3-voorrangskruispunt","Een verkeersboord dat aangeeft dat je voorrang hebt op het volgende kruispunt","https://raw.githubusercontent.com/ndwnu/qgis-verkeersborden-style/24d3c1aa0e3dc14ff50cb58916efd82db4cbbd31/svg_verkeersborden/B3.svg"
"https://data.crow.nl/imv/def/G14-einde-onverplicht-fietspad","G14-einde-onverplicht-fietspad","Verkeersbord dat aanduidt dat het onverplichte fietspad eindigt","https://raw.githubusercontent.com/ndwnu/qgis-verkeersborden-style/24d3c1aa0e3dc14ff50cb58916efd82db4cbbd31/svg_verkeersborden/G14.svg"
"https://data.crow.nl/imv/def/B2-einde-voorrangsweg","B2-einde-voorrangsweg","Een verkeersbord dat aangeeft dat de weg waarop men rijdt niet langer een voorrangsweg is","https://raw.githubusercontent.com/ndwnu/qgis-verkeersborden-style/24d3c1aa0e3dc14ff50cb58916efd82db4cbbd31/svg_verkeersborden/B2.svg"
"https://data.crow.nl/imv/def/G8-einde-voetpad","G8-einde-voetpad","Verkeersbord dat aanduidt dat het voetpad eindigt","https://raw.githubusercontent.com/ndwnu/qgis-verkeersborden-style/24d3c1aa0e3dc14ff50cb58916efd82db4cbbd31/svg_verkeersborden/G8.svg"
"https://data.crow.nl/imv/def/C9-trekker-fiets","C9-trekker-fiets","Verkeersbord dat aangeeft dat een weg gesloten is voor voor ruiters, vee, wagens, landbouw- en bosbouwtrekkers, motorrijtuigen met beperkte snelheid, mobiele machines, brommobielen, fietsen, snorfietsen, bromfietsen en gehandicaptenvoertuigen","https://raw.githubusercontent.com/ndwnu/qgis-verkeersborden-style/24d3c1aa0e3dc14ff50cb58916efd82db4cbbd31/svg_verkeersborden/C9.svg"
"https://data.crow.nl/imv/def/C15-brom-fiets","C15-brom-fiets","Een verkeersbord dat aangeeft dat de weg gesloten is voor fietsen, bromfietsen en gehandicaptenvoertuigen.","https://raw.githubusercontent.com/ndwnu/qgis-verkeersborden-style/24d3c1aa0e3dc14ff50cb58916efd82db4cbbd31/svg_verkeersborden/C15.svg"
"https://data.crow.nl/imv/def/G2-einde-autosnelweg","G2-einde-autosnelweg","Verkeersbord dat aanduidt dat de autosnelweg eindigt","https://raw.githubusercontent.com/ndwnu/qgis-verkeersborden-style/24d3c1aa0e3dc14ff50cb58916efd82db4cbbd31/svg_verkeersborden/G2.svg"
"https://data.crow.nl/imv/def/F14-einde-busstrook","F14-einde-busstrook","Een verkeersbord dat het einde van de busstrook aangeeft.","https://raw.githubusercontent.com/ndwnu/qgis-verkeersborden-style/24d3c1aa0e3dc14ff50cb58916efd82db4cbbd31/svg_verkeersborden/F14.svg"
"https://data.crow.nl/imv/def/C12-motorvoertuig","C12-motorvoertuig","Een verkeersbord dat aangeeft dat de weg gesloten is voor alle motorvoertuigen","https://raw.githubusercontent.com/ndwnu/qgis-verkeersborden-style/24d3c1aa0e3dc14ff50cb58916efd82db4cbbd31/svg_verkeersborden/C12.svg"
"https://data.crow.nl/imv/def/J32-verkeerslichten","J32-verkeerslichten","Verkeersbord dat een waarschuwing aanduidt voor verkeerslichten","https://raw.githubusercontent.com/ndwnu/qgis-verkeersborden-style/24d3c1aa0e3dc14ff50cb58916efd82db4cbbd31/svg_verkeersborden/J32.svg"
"https://data.crow.nl/imv/def/C22a5-vrachtemissie-6","C22a5-vrachtemissie-6","Een onderbord dat aangeeft dat de milieuzone toegankelijk is voor vrachtauto's van emissieklasse 6.","https://raw.githubusercontent.com/ndwnu/qgis-verkeersborden-style/24d3c1aa0e3dc14ff50cb58916efd82db4cbbd31/svg_verkeersborden/C22a5.svg"
"https://data.crow.nl/imv/def/C22-gevaarlijke-stoffen","C22-gevaarlijke -stoffen","Een verkeersbord dat aangeeft dat de weg gesloten is voor voertuigen met bepaalde gevaarlijke stoffen.","https://raw.githubusercontent.com/ndwnu/qgis-verkeersborden-style/24d3c1aa0e3dc14ff50cb58916efd82db4cbbd31/svg_verkeersborden/C22.svg"
"https://data.crow.nl/imv/def/J23-voetgangers","J23-voetgangers","Verkeersbord dat een waarschuwing aanduidt voor voetgangers","https://raw.githubusercontent.com/ndwnu/qgis-verkeersborden-style/24d3c1aa0e3dc14ff50cb58916efd82db4cbbd31/svg_verkeersborden/J23.svg"
"https://data.crow.nl/imv/def/D7-keuze-rijrichting","D7-keuze-rijrichting","Een verkeersbord dat een gebod aangeeft tot het volgen van één van de rijrichtingen die op het bord zijn aangegeven.","https://raw.githubusercontent.com/ndwnu/qgis-verkeersborden-style/24d3c1aa0e3dc14ff50cb58916efd82db4cbbd31/svg_verkeersborden/D7.svg"
"https://data.crow.nl/imv/def/C18-voertuigbreedte","C18-voertuigbreedte","Een verkeersbord dat aangeeft dat de weg gesloten is voor voertuigen die, met inbegrip van de lading, breder zijn dan op het bord is aangegeven.","https://raw.githubusercontent.com/ndwnu/qgis-verkeersborden-style/24d3c1aa0e3dc14ff50cb58916efd82db4cbbd31/svg_verkeersborden/C18.svg"
"https://data.crow.nl/imv/def/C11-motor","C11-motor","Een verkeersbord dat aangeeft dat de weg gesloten is voor motoren","https://raw.githubusercontent.com/ndwnu/qgis-verkeersborden-style/24d3c1aa0e3dc14ff50cb58916efd82db4cbbd31/svg_verkeersborden/C11.svg"
"https://data.crow.nl/imv/def/F19-vracht-bus-baan","F19-vracht-bus-baan","Een verkeersbord dat aangeeft dat een rijbaan uitsluitend bedoeld is voor vrachtauto's en lijnbussen.","https://raw.githubusercontent.com/ndwnu/qgis-verkeersborden-style/24d3c1aa0e3dc14ff50cb58916efd82db4cbbd31/svg_verkeersborden/F19.svg"
"https://data.crow.nl/imv/def/E9-vergunninghouders","E9-vergunninghouders","Een verkeersbord dat aangeeft dat de parkeergelegenheid alleen bestemd is voor vergunninghouders.","https://raw.githubusercontent.com/ndwnu/qgis-verkeersborden-style/24d3c1aa0e3dc14ff50cb58916efd82db4cbbd31/svg_verkeersborden/E9.svg"
"https://data.crow.nl/imv/def/J7-gevaarlijke-daling","J7-gevaarlijke-daling","Verkeersbord dat een waarschuwing aanduidt voor gevaarlijke daling","https://raw.githubusercontent.com/ndwnu/qgis-verkeersborden-style/24d3c1aa0e3dc14ff50cb58916efd82db4cbbd31/svg_verkeersborden/J7.svg"
"https://data.crow.nl/imv/def/F16-einde-trambaan","F16-einde-trambaan","Een verkeersbord dat het einde van de trambaan aangeeft.","https://raw.githubusercontent.com/ndwnu/qgis-verkeersborden-style/24d3c1aa0e3dc14ff50cb58916efd82db4cbbd31/svg_verkeersborden/F16.svg"
"https://data.crow.nl/imv/def/C6-gesloten-auto","C6-gesloten-auto","Een verkeersbord dat aangeeft dat de weg gesloten is voor motorvoertuigen op meer dan twee wielen","https://raw.githubusercontent.com/ndwnu/qgis-verkeersborden-style/24d3c1aa0e3dc14ff50cb58916efd82db4cbbd31/svg_verkeersborden/C6.svg"
"https://data.crow.nl/imv/def/J24-fietsbrom","J24-fietsbrom","Verkeersbord dat een waarschuwing aanduidt voor fietsers en bromfietsers","https://raw.githubusercontent.com/ndwnu/qgis-verkeersborden-style/24d3c1aa0e3dc14ff50cb58916efd82db4cbbd31/svg_verkeersborden/J24.svg"
"https://data.crow.nl/imv/def/F17-bus-tram-baan","F17-bus-tram-baan","Een verkeersbord dat aangeeft dat een rijbaan uitsluitend bedoeld is voor lijnbussen en trams.","https://raw.githubusercontent.com/ndwnu/qgis-verkeersborden-style/24d3c1aa0e3dc14ff50cb58916efd82db4cbbd31/svg_verkeersborden/F17.svg"
"https://data.crow.nl/imv/def/C21-gewichtsbeperking","C21-gewichtsbeperking","Een verkeersbord dat aangeeft dat de weg gesloten is voor voertuigen en samenstellen van voertuigen waarvan de totaalmassa of de som van de aslasten hoger is dan op het bord is aangegeven.","https://raw.githubusercontent.com/ndwnu/qgis-verkeersborden-style/24d3c1aa0e3dc14ff50cb58916efd82db4cbbd31/svg_verkeersborden/C21.svg"
"https://data.crow.nl/imv/def/C7b-bus-vracht","C7b-bus-vracht","Een verkeersbord dat aangeeft dat de weg gesloten is voor autobussen en vrachtauto's","https://raw.githubusercontent.com/ndwnu/qgis-verkeersborden-style/24d3c1aa0e3dc14ff50cb58916efd82db4cbbd31/svg_verkeersborden/C7b.svg"
"https://data.crow.nl/imv/def/C22a8-milieu-vracht-bus-4-6","C22a8-milieu-vracht-bus-4-6","Een onderbord dat aangeeft dat de milieuzone toegankelijk is voor vrachtauto's en bussen van emissieklasse 4 tot en met 6.","https://raw.githubusercontent.com/ndwnu/qgis-verkeersborden-style/24d3c1aa0e3dc14ff50cb58916efd82db4cbbd31/svg_verkeersborden/C22a8.svg"
"https://data.crow.nl/imv/def/J35-slecht-zicht","J35-slecht-zicht","Verkeersbord dat een waarschuwing aanduidt voor slecht zicht door sneeuw, regen of mist","https://raw.githubusercontent.com/ndwnu/qgis-verkeersborden-style/24d3c1aa0e3dc14ff50cb58916efd82db4cbbd31/svg_verkeersborden/J35.svg"
"https://data.crow.nl/imv/def/C19-voertuighoogte","C19-voertuighoogte","Een verkeersbord dat aangeeft dat de weg gesloten is voor voertuigen die, met inbegrip van de lading, hoger zijn dan op het bord is aangegeven.","https://raw.githubusercontent.com/ndwnu/qgis-verkeersborden-style/24d3c1aa0e3dc14ff50cb58916efd82db4cbbd31/svg_verkeersborden/C19.svg"
"https://data.crow.nl/imv/def/J10-overweg-slagbomen","J10-overweg-slagbomen","Verkeersbord dat een waarschuwing aanduidt voor overweg met slagbomen","https://raw.githubusercontent.com/ndwnu/qgis-verkeersborden-style/24d3c1aa0e3dc14ff50cb58916efd82db4cbbd31/svg_verkeersborden/J10.svg"
"https://data.crow.nl/imv/def/C22d-einde-nulemissie","C22d-einde-nulemissie","Een verkeersbord dat het einde aangeeft van de nulemissiezone.","https://raw.githubusercontent.com/ndwnu/qgis-verkeersborden-style/24d3c1aa0e3dc14ff50cb58916efd82db4cbbd31/svg_verkeersborden/C22d.svg"
"https://data.crow.nl/imv/def/E2-stilstaan-verboden","E2-stilstaan-verboden","Een verkeersbord dat aangeeft dat stilstaan verboden is.","https://raw.githubusercontent.com/ndwnu/qgis-verkeersborden-style/24d3c1aa0e3dc14ff50cb58916efd82db4cbbd31/svg_verkeersborden/E2.svg"
"https://data.crow.nl/imv/def/D5-verplichte-rijrichting","D5-verplichte-rijrichting","Een verkeersbord dat een gebod aangeeft tot het volgen van de rijrichting die op het bord is aangegeven.","https://raw.githubusercontent.com/ndwnu/qgis-verkeersborden-style/24d3c1aa0e3dc14ff50cb58916efd82db4cbbd31/svg_verkeersborden/D5.svg"
"https://data.crow.nl/imv/def/E11-einde-parkeerschijf","E11-einde-parkeerschijf","Een verkeersbord dat het einde van de parkeerschijf-zone aangeeft.","https://raw.githubusercontent.com/ndwnu/qgis-verkeersborden-style/24d3c1aa0e3dc14ff50cb58916efd82db4cbbd31/svg_verkeersborden/E11.svg"
"https://data.crow.nl/imv/def/D2-pijlzijde-passeren","D2-pijlzijde-passeren","Een verkeersbord dat een gebod geeft voor alle bestuurders om het bord voorbij te gaan aan de zijde die de pijl aangeeft.","https://raw.githubusercontent.com/ndwnu/qgis-verkeersborden-style/24d3c1aa0e3dc14ff50cb58916efd82db4cbbd31/svg_verkeersborden/D2.svg"
"https://data.crow.nl/imv/def/C14-fiets","C14-fiets","Een verkeersbord dat aangeeft dat de weg gesloten is voor fietsen en voor gehandicaptenvoertuigen zonder motor.","https://raw.githubusercontent.com/ndwnu/qgis-verkeersborden-style/24d3c1aa0e3dc14ff50cb58916efd82db4cbbd31/svg_verkeersborden/C14.svg"
"https://data.crow.nl/imv/def/G6-einde-erf","G6-einde-erf","Verkeersbord dat aanduidt dat het erf eindigt","https://raw.githubusercontent.com/ndwnu/qgis-verkeersborden-style/24d3c1aa0e3dc14ff50cb58916efd82db4cbbd31/svg_verkeersborden/G6.svg"
"https://data.crow.nl/imv/def/F5-voorrang-tegenliggers","F5-voorrang-tegenliggers","Een verkeersbord dat aangeeft dat bestuurders bij nadering van tegenliggers geen voorrang hebben.","https://raw.githubusercontent.com/ndwnu/qgis-verkeersborden-style/24d3c1aa0e3dc14ff50cb58916efd82db4cbbd31/svg_verkeersborden/F5.svg"
"https://data.crow.nl/imv/def/J37-gevaar","J37-gevaar","Verkeersbord dat een waarschuwing aanduidt voor gevaar","https://raw.githubusercontent.com/ndwnu/qgis-verkeersborden-style/24d3c1aa0e3dc14ff50cb58916efd82db4cbbd31/svg_verkeersborden/J37.svg"
"https://data.crow.nl/imv/def/F3-inhaalverbod-vrachtauto","F3-inhaalverbod-vrachtauto","Een verkeersbord dat aangeeft dat vrachtauto's verboden zijn motorvoertuigen in te halen.","https://raw.githubusercontent.com/ndwnu/qgis-verkeersborden-style/24d3c1aa0e3dc14ff50cb58916efd82db4cbbd31/svg_verkeersborden/F3.svg"
"https://data.crow.nl/imv/def/C7a-autobus","C7a-autobus","Een verkeersbord dat aangeeft dat de weg gesloten is voor autobussen","https://raw.githubusercontent.com/ndwnu/qgis-verkeersborden-style/24d3c1aa0e3dc14ff50cb58916efd82db4cbbd31/svg_verkeersborden/C7a.svg"
"https://data.crow.nl/imv/def/E1-parkeerverbod","E1-parkeerverbod","Een verkeersbord dat aangeeft dat parkeren verboden is.","https://raw.githubusercontent.com/ndwnu/qgis-verkeersborden-style/24d3c1aa0e3dc14ff50cb58916efd82db4cbbd31/svg_verkeersborden/E1.svg"
"https://data.crow.nl/imv/def/C22a4-vrachtemissie-4-6","C22a4-vrachtemissie-4-6","Een onderbord dat aangeeft dat de milieuzone toegankelijk is voor vrachtauto's van emissieklasse 4 tot en met 6.","https://raw.githubusercontent.com/ndwnu/qgis-verkeersborden-style/24d3c1aa0e3dc14ff50cb58916efd82db4cbbd31/svg_verkeersborden/C22a4.svg"
"https://data.crow.nl/imv/def/A5-einde-adviessnelheid","A5-einde-adviessnelheid","Verkeersbord dat het einde van de wettelijke maximumsnelheid aangeeft","https://raw.githubusercontent.com/ndwnu/qgis-verkeersborden-style/24d3c1aa0e3dc14ff50cb58916efd82db4cbbd31/svg_verkeersborden/A5.svg"
"https://data.crow.nl/imv/def/C22a7-milieu-bus-6","C22a7-milieu-bus-6","Een onderbord dat aangeeft dat de milieuzone toegankelijk is voor bussen van emissieklasse 6.","https://raw.githubusercontent.com/ndwnu/qgis-verkeersborden-style/24d3c1aa0e3dc14ff50cb58916efd82db4cbbd31/svg_verkeersborden/C22a7.svg"
"https://data.crow.nl/imv/def/D4-verplichte-rijrichting","D4-verplichte-rijrichting","Een verkeersbord dat een gebod aangeeft tot het volgen van de rijrichting die op het bord is aangegeven.","https://raw.githubusercontent.com/ndwnu/qgis-verkeersborden-style/24d3c1aa0e3dc14ff50cb58916efd82db4cbbd31/svg_verkeersborden/D4.svg"
"https://data.crow.nl/imv/def/E8-parkeren-auto","E8-parkeren-auto","Een verkeersbord dat parkeergelegenheid aangeeft, uitsluitend voor auto's.","https://raw.githubusercontent.com/ndwnu/qgis-verkeersborden-style/24d3c1aa0e3dc14ff50cb58916efd82db4cbbd31/svg_verkeersborden/E8.svg"
"https://data.crow.nl/imv/def/C23-01-spittsstrook","C23-01-spittsstrook","Een verkeersbord dat aangeeft dat de spitsstrook open is voor gebruik.","https://raw.githubusercontent.com/ndwnu/qgis-verkeersborden-style/24d3c1aa0e3dc14ff50cb58916efd82db4cbbd31/svg_verkeersborden/C23-01.svg"
"https://data.crow.nl/imv/def/G13-onverplicht-fietspad","G13-onverplicht-fietspad","Verkeersbord dat aanduidt dat het een onverplicht fietspad betreft","https://raw.githubusercontent.com/ndwnu/qgis-verkeersborden-style/24d3c1aa0e3dc14ff50cb58916efd82db4cbbd31/svg_verkeersborden/G13.svg"
"https://data.crow.nl/imv/def/J34-ongeval","J34-ongeval","Verkeersbord dat een waarschuwing aanduidt voor ongeval","https://raw.githubusercontent.com/ndwnu/qgis-verkeersborden-style/24d3c1aa0e3dc14ff50cb58916efd82db4cbbd31/svg_verkeersborden/J34.svg"
"https://data.crow.nl/imv/def/C2-eenrichtingsweg","C2-eenrichtingsweg","Een verkeersbord dat aanduidt dat de weg een eenrichtingsweg is, in deze richting gesloten voor voertuigen, ruiters en geleiders van rij- of trekdieren of vee.","https://raw.githubusercontent.com/ndwnu/qgis-verkeersborden-style/24d3c1aa0e3dc14ff50cb58916efd82db4cbbd31/svg_verkeersborden/C2.svg"
"https://data.crow.nl/imv/def/J26-kade","J26-kade","Verkeersbord dat een waarschuwing aanduidt voor kade of rivieroever","https://raw.githubusercontent.com/ndwnu/qgis-verkeersborden-style/24d3c1aa0e3dc14ff50cb58916efd82db4cbbd31/svg_verkeersborden/J26.svg"
"https://data.crow.nl/imv/def/J20-slipgevaar","J20-slipgevaar","Verkeersbord dat een waarschuwing aanduidt voor slipgevaar","https://raw.githubusercontent.com/ndwnu/qgis-verkeersborden-style/24d3c1aa0e3dc14ff50cb58916efd82db4cbbd31/svg_verkeersborden/J20.svg"
"https://data.crow.nl/imv/def/C16-voetganger","C16-voetganger","Een verkeersbord dat aangeeft dat de weg gesloten is voor voetgangers.","https://raw.githubusercontent.com/ndwnu/qgis-verkeersborden-style/24d3c1aa0e3dc14ff50cb58916efd82db4cbbd31/svg_verkeersborden/C16.svg"
"https://data.crow.nl/imv/def/J31-zijwind","J31-zijwind","Verkeersbord dat een waarschuwing aanduidt voor zijwind","https://raw.githubusercontent.com/ndwnu/qgis-verkeersborden-style/24d3c1aa0e3dc14ff50cb58916efd82db4cbbd31/svg_verkeersborden/J31.svg"
"https://data.crow.nl/imv/def/J21-kinderen","J21-kinderen","Verkeersbord dat een waarschuwing aanduidt voor kinderen","https://raw.githubusercontent.com/ndwnu/qgis-verkeersborden-style/24d3c1aa0e3dc14ff50cb58916efd82db4cbbd31/svg_verkeersborden/J21.svg"
"https://data.crow.nl/imv/def/J25-stenen","J25-stenen","Verkeersbord dat een waarschuwing aanduidt voor losliggende stenen","https://raw.githubusercontent.com/ndwnu/qgis-verkeersborden-style/24d3c1aa0e3dc14ff50cb58916efd82db4cbbd31/svg_verkeersborden/J25.svg"
"https://data.crow.nl/imv/def/A1-snelheid","A1-snelheid","Verkeersbord dat de wettelijke maximumsnelheid aangeeft","https://raw.githubusercontent.com/ndwnu/qgis-verkeersborden-style/24d3c1aa0e3dc14ff50cb58916efd82db4cbbd31/svg_verkeersborden/A1.svg"
"https://data.crow.nl/imv/def/C22a9-milieu-vracht-bus-6","C22a9-milieu-vracht-bus-6","Een onderbord dat aangeeft dat de milieuzone toegankelijk is voor vrachtauto's en bussen van emissieklasse 6.","https://raw.githubusercontent.com/ndwnu/qgis-verkeersborden-style/24d3c1aa0e3dc14ff50cb58916efd82db4cbbd31/svg_verkeersborden/C22a9.svg"
"https://data.crow.nl/imv/def/J30-vliegtuigen","J30-vliegtuigen","Verkeersbord dat een waarschuwing aanduidt voor laagvliegende vliegtuigen","https://raw.githubusercontent.com/ndwnu/qgis-verkeersborden-style/24d3c1aa0e3dc14ff50cb58916efd82db4cbbd31/svg_verkeersborden/J30.svg"
"https://data.crow.nl/imv/def/C5-tweerichtingsweg","C5-tweerichtingsweg","Een verkeersbord dat aangeeft dat de weg in beide richtingen bereden mag worden","https://raw.githubusercontent.com/ndwnu/qgis-verkeersborden-style/24d3c1aa0e3dc14ff50cb58916efd82db4cbbd31/svg_verkeersborden/C5.svg"
"https://data.crow.nl/imv/def/F20-einde-vracht-bus-baan","F20-einde-vracht-bus-baan","Een verkeersbord dat het einde van de rijbaan voor vrachtauto's en lijnbussen aangeeft.","https://raw.githubusercontent.com/ndwnu/qgis-verkeersborden-style/24d3c1aa0e3dc14ff50cb58916efd82db4cbbd31/svg_verkeersborden/F20.svg"
"https://data.crow.nl/imv/def/C1-gesloten","C1-gesloten","Een verkeersbord dat aanduidt dat de weg in beide richtingen gesloten is voor voertuigen, ruiters en geleiders van rij- of trekdieren of vee.","https://raw.githubusercontent.com/ndwnu/qgis-verkeersborden-style/24d3c1aa0e3dc14ff50cb58916efd82db4cbbd31/svg_verkeersborden/C1.svg"
"https://data.crow.nl/imv/def/J6-steile-helling","J6-steile-helling","Verkeersbord dat een waarschuwing aanduidt voor steile helling","https://raw.githubusercontent.com/ndwnu/qgis-verkeersborden-style/24d3c1aa0e3dc14ff50cb58916efd82db4cbbd31/svg_verkeersborden/J6.svg"
"https://data.crow.nl/imv/def/C17-voertuiglengte","C17-voertuiglengte","Een verkeersbord dat aangeeft dat de weg gesloten is voor voertuigen en samenstellen van voertuigen die, met inbegrip van de lading, langer zijn dan op het bord is aangegeven.","https://raw.githubusercontent.com/ndwnu/qgis-verkeersborden-style/24d3c1aa0e3dc14ff50cb58916efd82db4cbbd31/svg_verkeersborden/C17.svg"
"https://data.crow.nl/imv/def/C22c-nul-emissie-vracht","C22c-nul-emissie-vracht","Een verkeersbord dat aangeeft dat de weg gesloten is voor bedrijfs- en vrachtauto's vanwege de nul-emissiezone.","https://raw.githubusercontent.com/ndwnu/qgis-verkeersborden-style/24d3c1aa0e3dc14ff50cb58916efd82db4cbbd31/svg_verkeersborden/C22c.svg"
"https://data.crow.nl/imv/def/E10-parkeerschijf","E10-parkeerschijf","Een verkeersbord dat een parkeerschijf-zone aangeeft met verplicht gebruik van een parkeerschijf.","https://raw.githubusercontent.com/ndwnu/qgis-verkeersborden-style/24d3c1aa0e3dc14ff50cb58916efd82db4cbbd31/svg_verkeersborden/E10.svg"
"https://data.crow.nl/imv/def/C10-aanhangwagen","C10-aanhangwagen","een verkeersbord dat aangeeft dat een weg gesloten is voor voor motorvoertuigen met aanhangwagen","https://raw.githubusercontent.com/ndwnu/qgis-verkeersborden-style/24d3c1aa0e3dc14ff50cb58916efd82db4cbbd31/svg_verkeersborden/C10.svg"
"https://data.crow.nl/imv/def/F8-einde-verboden","F8-einde-verboden","Een verkeersbord dat het einde van alle door verkeersborden aangegeven verboden aangeeft.","https://raw.githubusercontent.com/ndwnu/qgis-verkeersborden-style/24d3c1aa0e3dc14ff50cb58916efd82db4cbbd31/svg_verkeersborden/F8.svg"
"https://data.crow.nl/imv/def/J18-versmalling-r","J18-versmalling-r","Verkeersbord dat een waarschuwing aanduidt voor rijbaanversmalling rechts","https://raw.githubusercontent.com/ndwnu/qgis-verkeersborden-style/24d3c1aa0e3dc14ff50cb58916efd82db4cbbd31/svg_verkeersborden/J18.svg"
"https://data.crow.nl/imv/def/B4-voorrang-links","B4-voorrang-links","Een verkeersboord dat aangeeft dat je voorrang hebt op het volgende kruispunt met een weg van links","https://raw.githubusercontent.com/ndwnu/qgis-verkeersborden-style/24d3c1aa0e3dc14ff50cb58916efd82db4cbbd31/svg_verkeersborden/B4.svg"
"https://data.crow.nl/imv/def/D3-passeren-beide-zijden","D3-passeren-beide-zijden","Een verkeersbord dat aangeeft dat het bord aan beide zijden mag worden gepasseerd.","https://raw.githubusercontent.com/ndwnu/qgis-verkeersborden-style/24d3c1aa0e3dc14ff50cb58916efd82db4cbbd31/svg_verkeersborden/D3.svg"
"https://data.crow.nl/imv/def/J36-winter","J36-winter","Verkeersbord dat een waarschuwing aanduidt voor ijzel of sneeuw","https://raw.githubusercontent.com/ndwnu/qgis-verkeersborden-style/24d3c1aa0e3dc14ff50cb58916efd82db4cbbd31/svg_verkeersborden/J36.svg"
"https://data.crow.nl/imv/def/G12-einde-verplicht-fietspad","G12-einde-verplicht-fietspad","Verkeersbord dat aanduidt dat het verplichte fietspad eindigt","https://raw.githubusercontent.com/ndwnu/qgis-verkeersborden-style/24d3c1aa0e3dc14ff50cb58916efd82db4cbbd31/svg_verkeersborden/G12.svg"
"https://data.crow.nl/imv/def/C22c1-nul-emissie","C22c1-nul-emissie","Een onderbord dat aangeeft dat de nul-emissiezone toegankelijk is voor emissieloze bedrijfs- en vrachtauto's.","https://raw.githubusercontent.com/ndwnu/qgis-verkeersborden-style/24d3c1aa0e3dc14ff50cb58916efd82db4cbbd31/svg_verkeersborden/C22c1.svg"
"https://data.crow.nl/imv/def/E3-verbod-fietsparkeren","E3-verbod-fietsparkeren","Een verkeersbord dat aangeeft dat het plaatsen van fietsen en bromfietsen verboden is.","https://raw.githubusercontent.com/ndwnu/qgis-verkeersborden-style/24d3c1aa0e3dc14ff50cb58916efd82db4cbbd31/svg_verkeersborden/E3.svg"
"https://data.crow.nl/imv/def/F15-trambaan","F15-trambaan","Een verkeersbord dat aangeeft dat een rijbaan uitsluitend bedoeld is voor trams.","https://raw.githubusercontent.com/ndwnu/qgis-verkeersborden-style/24d3c1aa0e3dc14ff50cb58916efd82db4cbbd31/svg_verkeersborden/F15.svg"
"https://data.crow.nl/imv/def/F7-keerverbod","F7-keerverbod","Een verkeersbord dat een verbod aangeeft om te keren.","https://raw.githubusercontent.com/ndwnu/qgis-verkeersborden-style/24d3c1aa0e3dc14ff50cb58916efd82db4cbbd31/svg_verkeersborden/F7.svg"
"https://data.crow.nl/imv/def/F18-einde-bus-tram-baan","F18-einde-bus-tram-baan","Een verkeersbord dat het einde van de bus- en trambaan aangeeft.","https://raw.githubusercontent.com/ndwnu/qgis-verkeersborden-style/24d3c1aa0e3dc14ff50cb58916efd82db4cbbd31/svg_verkeersborden/F18.svg"
"https://data.crow.nl/imv/def/F10-stop","F10-stop","Een verkeersbord dat aangeeft dat stoppen verplicht is, met vermelding van reden of autoriteit.","https://raw.githubusercontent.com/ndwnu/qgis-verkeersborden-style/24d3c1aa0e3dc14ff50cb58916efd82db4cbbd31/svg_verkeersborden/F10.svg"
"https://data.crow.nl/imv/def/J19-versmalling-l","J19-versmalling-l","Verkeersbord dat een waarschuwing aanduidt voor rijbaanversmalling links","https://raw.githubusercontent.com/ndwnu/qgis-verkeersborden-style/24d3c1aa0e3dc14ff50cb58916efd82db4cbbd31/svg_verkeersborden/J19.svg"
"https://data.crow.nl/imv/def/F2-einde-inhaalverbod","F2-einde-inhaalverbod","Een verkeersbord dat het einde van het inhaalverbod voor motorvoertuigen aangeeft.","https://raw.githubusercontent.com/ndwnu/qgis-verkeersborden-style/24d3c1aa0e3dc14ff50cb58916efd82db4cbbd31/svg_verkeersborden/F2.svg"
"https://data.crow.nl/imv/def/H2-einde-bebouwde-kom","H2-einde-bebouwde-kom","Verkeersbord dat aanduidt dat de bebouwde kom eindigt","https://raw.githubusercontent.com/ndwnu/qgis-verkeersborden-style/24d3c1aa0e3dc14ff50cb58916efd82db4cbbd31/svg_verkeersborden/H2.svg"
"https://data.crow.nl/imv/def/G7-voetpad","G7-voetpad","Verkeersbord dat aanduidt dat het een voetpad betreft","https://raw.githubusercontent.com/ndwnu/qgis-verkeersborden-style/24d3c1aa0e3dc14ff50cb58916efd82db4cbbd31/svg_verkeersborden/G7.svg"
"https://data.crow.nl/imv/def/F11-passeerbaan","F11-passeerbaan","Een verkeersbord dat verplicht gebruik van een passeerbaan aangeeft voor specifieke voertuigen.","https://raw.githubusercontent.com/ndwnu/qgis-verkeersborden-style/24d3c1aa0e3dc14ff50cb58916efd82db4cbbd31/svg_verkeersborden/F11.svg"
"https://data.crow.nl/imv/def/A4-adviessnelheid","A4-adviessnelheid","Verkeersbord dat de wettelijke maximumsnelheid aangeeft","https://raw.githubusercontent.com/ndwnu/qgis-verkeersborden-style/24d3c1aa0e3dc14ff50cb58916efd82db4cbbd31/svg_verkeersborden/A4.svg"
"https://data.crow.nl/imv/def/F4-einde-inhaalverbod-vrachtauto","F4-einde-inhaalverbod-vrachtauto","Een verkeersbord dat het einde van het inhaalverbod voor vrachtauto's aangeeft.","https://raw.githubusercontent.com/ndwnu/qgis-verkeersborden-style/24d3c1aa0e3dc14ff50cb58916efd82db4cbbd31/svg_verkeersborden/F4.svg"
"https://data.crow.nl/imv/def/C22a6-milieu-bus-4-6","C22a6-milieu-bus-4-6","Een onderbord dat aangeeft dat de milieuzone toegankelijk is voor bussen van emissieklasse 4 tot en met 6.","https://raw.githubusercontent.com/ndwnu/qgis-verkeersborden-style/24d3c1aa0e3dc14ff50cb58916efd82db4cbbd31/svg_verkeersborden/C22a6.svg"
"https://data.crow.nl/imv/def/J29-tegenliggers","J29-tegenliggers","Verkeersbord dat een waarschuwing aanduidt voor tegenliggers","https://raw.githubusercontent.com/ndwnu/qgis-verkeersborden-style/24d3c1aa0e3dc14ff50cb58916efd82db4cbbd31/svg_verkeersborden/J29.svg"
"https://data.crow.nl/imv/def/B5-voorrang-rechts","B5-voorrang-rechts","Een verkeersboord dat aangeeft dat je voorrang hebt op het volgende kruispunt met een weg van rechts","https://raw.githubusercontent.com/ndwnu/qgis-verkeersborden-style/24d3c1aa0e3dc14ff50cb58916efd82db4cbbd31/svg_verkeersborden/B5.svg"
"https://data.crow.nl/imv/def/C4-eenrichtingsweg","C4-eenrichtingsweg","Een verkeersbord dat aanduidt dat de weg een eenrichtingsweg is, naar rechts is deze richting open","https://raw.githubusercontent.com/ndwnu/qgis-verkeersborden-style/24d3c1aa0e3dc14ff50cb58916efd82db4cbbd31/svg_verkeersborden/C4.svg"
"https://data.crow.nl/imv/def/E7-laden-lossen","E7-laden-lossen","Een verkeersbord dat een gelegenheid aanduidt voor direct laden en lossen van goederen.","https://raw.githubusercontent.com/ndwnu/qgis-verkeersborden-style/24d3c1aa0e3dc14ff50cb58916efd82db4cbbd31/svg_verkeersborden/E7.svg"
"https://data.crow.nl/imv/def/E13-carpoolplaats","E13-carpoolplaats","Een verkeersbord dat parkeergelegenheid aangeeft ten behoeve van carpoolers.","https://raw.githubusercontent.com/ndwnu/qgis-verkeersborden-style/24d3c1aa0e3dc14ff50cb58916efd82db4cbbd31/svg_verkeersborden/E13.svg"
"https://data.crow.nl/imv/def/B6-verleen-voorrang","B6-verleen-voorrang","Verkeersbord dat aangeeft dat je voorrang moet verlenen aan bestuurders op de kruisende weg","https://raw.githubusercontent.com/ndwnu/qgis-verkeersborden-style/24d3c1aa0e3dc14ff50cb58916efd82db4cbbd31/svg_verkeersborden/B6.svg"
"https://data.crow.nl/imv/def/G1-autosnelweg","G1-autosnelweg","Verkeersbord dat aanduidt dat het een autosnelweg betreft","https://raw.githubusercontent.com/ndwnu/qgis-verkeersborden-style/24d3c1aa0e3dc14ff50cb58916efd82db4cbbd31/svg_verkeersborden/G1.svg"
"https://data.crow.nl/imv/def/C22a2-milieuzone-4-6","C22a2-milieuzone-4-6","Een onderbord dat aangeeft dat de milieuzone toegankelijk is voor personen- en bedrijfsauto's van emissieklasse 4 tot en met 6.","https://raw.githubusercontent.com/ndwnu/qgis-verkeersborden-style/24d3c1aa0e3dc14ff50cb58916efd82db4cbbd31/svg_verkeersborden/C22a2.svg"
"https://data.crow.nl/imv/def/G12b-einde-fiets-bromfietspad","G12b-einde-fiets-bromfietspad","Verkeersbord dat aanduidt dat het fiets/bromfietspad eindigt","https://raw.githubusercontent.com/ndwnu/qgis-verkeersborden-style/24d3c1aa0e3dc14ff50cb58916efd82db4cbbd31/svg_verkeersborden/G12b.svg"
"https://data.crow.nl/imv/def/F12-einde-passeerbaan","F12-einde-passeerbaan","Een verkeersbord dat het einde van het verplicht gebruik van de passeerbaan aangeeft.","https://raw.githubusercontent.com/ndwnu/qgis-verkeersborden-style/24d3c1aa0e3dc14ff50cb58916efd82db4cbbd31/svg_verkeersborden/F12.svg"
"https://data.crow.nl/imv/def/G10-einde-ruiterpad","G10-einde-ruiterpad","Verkeersbord dat aanduidt dat het ruiterpad eindigt","https://raw.githubusercontent.com/ndwnu/qgis-verkeersborden-style/24d3c1aa0e3dc14ff50cb58916efd82db4cbbd31/svg_verkeersborden/G10.svg"
"https://data.crow.nl/imv/def/C22a-milieuzone-diesel","C22a-milieuzone-diesel","Een verkeersbord dat aangeeft dat de weg gesloten is voor personen- en bedrijfsauto's, vrachtauto's of bussen met een dieselmotor vanwege de milieuzone.","https://raw.githubusercontent.com/ndwnu/qgis-verkeersborden-style/24d3c1aa0e3dc14ff50cb58916efd82db4cbbd31/svg_verkeersborden/C22a.svg"
"https://data.crow.nl/imv/def/F21-vrachtwagenstrook","F21-vrachtwagenstrook","Een verkeersbord dat aangeeft dat een rijbaan uitsluitend bedoeld is voor vrachtauto's.","https://raw.githubusercontent.com/ndwnu/qgis-verkeersborden-style/24d3c1aa0e3dc14ff50cb58916efd82db4cbbd31/svg_verkeersborden/F21.svg"
"https://data.crow.nl/imv/def/C22a1-milieuzone-3-6","C22a1-milieuzone-3-6","Een onderbord dat aangeeft dat de milieuzone toegankelijk is voor personen- en bedrijfsauto's van emissieklasse 3 tot en met 6.","https://raw.githubusercontent.com/ndwnu/qgis-verkeersborden-style/24d3c1aa0e3dc14ff50cb58916efd82db4cbbd31/svg_verkeersborden/C22a1.svg"
"https://data.crow.nl/imv/def/J22-voetgangsoversteek","J22-voetgangsoversteek","Verkeersbord dat een waarschuwing aanduidt voor voetgangersoversteekplaats","https://raw.githubusercontent.com/ndwnu/qgis-verkeersborden-style/24d3c1aa0e3dc14ff50cb58916efd82db4cbbd31/svg_verkeersborden/J22.svg"
"https://data.crow.nl/imv/def/C23-03-einde-spitsstrook","C23-03-einde-spitsstrook","Een verkeersbord dat aangeeft dat het einde van de spitsstrook is bereikt.","https://raw.githubusercontent.com/ndwnu/qgis-verkeersborden-style/24d3c1aa0e3dc14ff50cb58916efd82db4cbbd31/svg_verkeersborden/C23-03.svg"
"https://data.crow.nl/imv/def/J33-file","J33-file","Verkeersbord dat een waarschuwing aanduidt voor file","https://raw.githubusercontent.com/ndwnu/qgis-verkeersborden-style/24d3c1aa0e3dc14ff50cb58916efd82db4cbbd31/svg_verkeersborden/J33.svg"
"https://data.crow.nl/imv/def/F22-einde-vrachtwagenstrook","F22-einde-vrachtwagenstrook","Een verkeersbord dat het einde van de rijbaan voor vrachtauto's aangeeft.","https://raw.githubusercontent.com/ndwnu/qgis-verkeersborden-style/24d3c1aa0e3dc14ff50cb58916efd82db4cbbd31/svg_verkeersborden/F22.svg"
"https://data.crow.nl/imv/def/C13-bromfiets","C13-bromfiets","Een verkeersbord dat aangeeft dat de weg gesloten is voor bromfietsen, snorfietsen en gehandicaptenvoertuigen met in werking zijnde motor.","https://raw.githubusercontent.com/ndwnu/qgis-verkeersborden-style/24d3c1aa0e3dc14ff50cb58916efd82db4cbbd31/svg_verkeersborden/C13.svg"
"https://data.crow.nl/imv/def/J38-drempel","J38-drempel","Verkeersbord dat een waarschuwing aanduidt voor verkeersdrempel","https://raw.githubusercontent.com/ndwnu/qgis-verkeersborden-style/24d3c1aa0e3dc14ff50cb58916efd82db4cbbd31/svg_verkeersborden/J38.svg"
"https://data.crow.nl/imv/def/C23-02-spitsstrook-vrij","C23-02-spitsstrook-vrij","Een verkeersbord dat aangeeft dat de spitsstrook moet worden vrijgemaakt.","https://raw.githubusercontent.com/ndwnu/qgis-verkeersborden-style/24d3c1aa0e3dc14ff50cb58916efd82db4cbbd31/svg_verkeersborden/C23-02.svg"
"https://data.crow.nl/imv/def/B1-voorrang","B1-voorrang","Een verkeersbord dat aangeeft dat de weg waarop men rijdt een voorrangsweg is","https://raw.githubusercontent.com/ndwnu/qgis-verkeersborden-style/24d3c1aa0e3dc14ff50cb58916efd82db4cbbd31/svg_verkeersborden/B1.svg"
"https://data.crow.nl/imv/def/G11-verplicht-fietspad","G11-verplicht-fietspad","Verkeersbord dat aanduidt dat het een verplicht fietspad betreft","https://raw.githubusercontent.com/ndwnu/qgis-verkeersborden-style/24d3c1aa0e3dc14ff50cb58916efd82db4cbbd31/svg_verkeersborden/G11.svg"
"https://data.crow.nl/imv/def/C20-aslast","C20-aslast","Een verkeersbord dat aangeeft dat de weg gesloten is voor voertuigen waarvan de aslast hoger is dan op het bord is aangegeven.","https://raw.githubusercontent.com/ndwnu/qgis-verkeersborden-style/24d3c1aa0e3dc14ff50cb58916efd82db4cbbd31/svg_verkeersborden/C20.svg"
"https://data.crow.nl/imv/def/A2-einde-snelheid","A2-einde-snelheid","Verkeersbord dat het einde van de wettelijke maximumsnelheid aangeeft","https://raw.githubusercontent.com/ndwnu/qgis-verkeersborden-style/24d3c1aa0e3dc14ff50cb58916efd82db4cbbd31/svg_verkeersborden/A2.svg"
"https://data.crow.nl/imv/def/E6-gehandicaptenparkeerplaats","E6-gehandicaptenparkeerplaats","Een verkeersbord dat aangeeft dat er een parkeerplaats is voor gehandicapten.","https://raw.githubusercontent.com/ndwnu/qgis-verkeersborden-style/24d3c1aa0e3dc14ff50cb58916efd82db4cbbd31/svg_verkeersborden/E6.svg"
"https://data.crow.nl/imv/def/E5-taxistandplaats","E5-taxistandplaats","Een verkeersbord dat een taxistandplaats aangeeft.","https://raw.githubusercontent.com/ndwnu/qgis-verkeersborden-style/24d3c1aa0e3dc14ff50cb58916efd82db4cbbd31/svg_verkeersborden/E5.svg"
"https://data.crow.nl/imv/def/F1-inhaalverbod","F1-inhaalverbod","Een verkeersbord dat aangeeft dat motorvoertuigen verboden zijn elkaar in te halen.","https://raw.githubusercontent.com/ndwnu/qgis-verkeersborden-style/24d3c1aa0e3dc14ff50cb58916efd82db4cbbd31/svg_verkeersborden/F1.svg"
"https://data.crow.nl/imv/def/E12-ov-parkeerplaats","E12-ov-parkeerplaats","Een verkeersbord dat parkeergelegenheid aangeeft ten behoeve van OV-overstappers.","https://raw.githubusercontent.com/ndwnu/qgis-verkeersborden-style/24d3c1aa0e3dc14ff50cb58916efd82db4cbbd31/svg_verkeersborden/E12.svg"
"https://data.crow.nl/imv/def/C3-eenrichtingsweg","C3-eenrichtingsweg","Een verkeersbord dat aanduidt dat de weg een eenrichtingsweg is, in deze richting open","https://raw.githubusercontent.com/ndwnu/qgis-verkeersborden-style/24d3c1aa0e3dc14ff50cb58916efd82db4cbbd31/svg_verkeersborden/C3.svg"
"https://data.crow.nl/imv/def/J17-versmalling","J17-versmalling","Verkeersbord dat een waarschuwing aanduidt voor rijbaanversmalling","https://raw.githubusercontent.com/ndwnu/qgis-verkeersborden-style/24d3c1aa0e3dc14ff50cb58916efd82db4cbbd31/svg_verkeersborden/J17.svg"
"https://data.crow.nl/imv/def/G5-erf","G5-erf","Verkeersbord dat aanduidt dat het een erf betreft","https://raw.githubusercontent.com/ndwnu/qgis-verkeersborden-style/24d3c1aa0e3dc14ff50cb58916efd82db4cbbd31/svg_verkeersborden/G5.svg"
"https://data.crow.nl/imv/def/D6-keuze-rijrichting","D6-keuze-rijrichting","Een verkeersbord dat een gebod aangeeft tot het volgen van één van de rijrichtingen die op het bord zijn aangegeven.","https://raw.githubusercontent.com/ndwnu/qgis-verkeersborden-style/24d3c1aa0e3dc14ff50cb58916efd82db4cbbd31/svg_verkeersborden/D6.svg"
"https://data.crow.nl/imv/def/G4-einde-autoweg","G4-einde-autoweg","Verkeersbord dat aanduidt dat de autoweg eindigt","https://raw.githubusercontent.com/ndwnu/qgis-verkeersborden-style/24d3c1aa0e3dc14ff50cb58916efd82db4cbbd31/svg_verkeersborden/G4.svg"